ID,L,Section,B,H,RECT_TH (in),Type,MIN FX,MAX FX,MIN FY,MAX FY,MIN FZ,MAX FZ,MIN MX,MAX MX,MIN MY,MAX MY,MIN MZ,MAX MZ,AREA TOP,AREA BOTTOM,STIRRUP SPACING,BAR TYPE TOP,BAR COUNT TOP,BAR TYPE BOTTOM,BAR COUNT BOTTOM,EFFICIENCY MIN MY,EFFICIENCY MAX MY
262,35.0,16 x 32,16.0,32.0,0.0,RC Beam,-0.11,8.24,-0.09,0.09,-57.82,63.51,-6.97,8.11,-424.19,28.09,-0.18,0.08,4.6875,0.9817477042468103,2.50422182472025,11,3,4,5,0.737995594722010,0.213889188371329
263,35.0,16 x 32,16.0,32.0,0.0,RC Beam,-0.13,7.71,-0.06,0.08,-55.56,61.83,-5.53,6.05,-410.34,27.14,-0.12,0.16,4.6875,0.9203884727313847,2.57226472728422,11,3,5,3,0.714298710077241,0.219146485215471
264,35.0,16 x 32,16.0,32.0,0.0,RC Beam,-0.17,6.29,-0.26,0.38,-33.53,37.1,-26.24,30.99,-254.21,25.42,-1.0,0.17,3.0,0.9203884727313847,0.891404040162288,9,3,5,3,0.674600342983040,0.205607982638422
